{"cameraMode":{"drawMode":0,"name":"Shaded","section":"Shading Mode"},"sceneLighting":true,"audioPlay":false,"sceneViewState":{"m_AlwaysRefresh":false,"showFog":true,"showSkybox":true,"showFlares":true,"showImageEffects":true,"showParticleSystems":true,"showVisualEffectGraphs":true,"m_FxEnabled":true},"in2DMode":false,"pivot":{"x":2.0413239002227785,"y":2.7481422424316408,"z":7.923638820648193},"rotation":{"x":0.1010080948472023,"y":0.27530133724212649,"z":-0.029098058119416238,"w":0.9556032419204712},"size":5.946380615234375,"orthographic":false}